<?xml version="1.0" encoding="utf-8"?>
<openerp>
    <data>
        <record id="view_users_form" model="ir.ui.view">
                  <field name="name">res.users.form</field>
                  <field name="model">res.users</field>
                  <field name="inherit_id" ref="base.view_users_form"/>
                  <field name="arch" type="xml">
                        <data>
                              <xpath expr="//page[@name='access_rights']/group[1]" position="before">
                                    <button string="Clear access rights" type="object" name="action_clear_access_rights" style="margin-top: 10px;"/>
                              </xpath>
                        </data>
                  </field>

        </record>
    </data>
</openerp>
